timestamp,filename,frame_id
1703165083.0284564,frame_000000.png,0
1703165083.078269,frame_000001.png,1
1703165083.127627,frame_000002.png,2
1703165083.1773448,frame_000003.png,3
1703165083.2281203,frame_000004.png,4
1703165083.278096,frame_000005.png,5
1703165083.3279247,frame_000006.png,6
1703165083.377654,frame_000007.png,7
1703165083.4277637,frame_000008.png,8
1703165083.4773798,frame_000009.png,9
1703165083.5270963,frame_000010.png,10
1703165083.577259,frame_000011.png,11
1703165083.6279178,frame_000012.png,12
1703165083.6784928,frame_000013.png,13
1703165083.728327,frame_000014.png,14
1703165083.777618,frame_000015.png,15
1703165083.8276718,frame_000016.png,16
1703165083.877827,frame_000017.png,17
1703165083.9278367,frame_000018.png,18
1703165083.9779036,frame_000019.png,19
1703165084.0284111,frame_000020.png,20
1703165084.0779088,frame_000021.png,21
1703165084.128431,frame_000022.png,22
1703165084.177619,frame_000023.png,23
1703165084.2279732,frame_000024.png,24
1703165084.2780266,frame_000025.png,25
1703165084.3287523,frame_000026.png,26
1703165084.3778636,frame_000027.png,27
1703165084.4275,frame_000028.png,28
1703165084.4775717,frame_000029.png,29
1703165084.5286245,frame_000030.png,30
1703165084.5787013,frame_000031.png,31
1703165084.6287112,frame_000032.png,32
1703165084.6777852,frame_000033.png,33
1703165084.7285597,frame_000034.png,34
1703165084.7775269,frame_000035.png,35
1703165084.8280983,frame_000036.png,36
1703165084.8781638,frame_000037.png,37
1703165084.9281917,frame_000038.png,38
1703165084.9781342,frame_000039.png,39
1703165085.0283616,frame_000040.png,40
1703165085.0780396,frame_000041.png,41
1703165085.1279697,frame_000042.png,42
1703165085.1779132,frame_000043.png,43
1703165085.227567,frame_000044.png,44
1703165085.2781668,frame_000045.png,45
1703165085.328278,frame_000046.png,46
1703165085.3778756,frame_000047.png,47
1703165085.4276466,frame_000048.png,48
1703165085.4781904,frame_000049.png,49
1703165085.5285351,frame_000050.png,50
1703165085.5775957,frame_000051.png,51
1703165085.6283908,frame_000052.png,52
1703165085.6774073,frame_000053.png,53
1703165085.7280946,frame_000054.png,54
1703165085.778937,frame_000055.png,55
1703165085.8281682,frame_000056.png,56
1703165085.8783343,frame_000057.png,57
1703165085.9278765,frame_000058.png,58
1703165085.9780698,frame_000059.png,59
1703165086.0280998,frame_000060.png,60
1703165086.077396,frame_000061.png,61
1703165086.1277742,frame_000062.png,62
1703165086.1776826,frame_000063.png,63
1703165086.2278438,frame_000064.png,64
1703165086.2782037,frame_000065.png,65
1703165086.3273644,frame_000066.png,66
1703165086.377423,frame_000067.png,67
1703165086.4280014,frame_000068.png,68
1703165086.4776528,frame_000069.png,69
1703165086.527925,frame_000070.png,70
1703165086.577351,frame_000071.png,71
1703165086.6274076,frame_000072.png,72
1703165086.6774106,frame_000073.png,73
1703165086.7276816,frame_000074.png,74
1703165086.7787108,frame_000075.png,75
1703165086.8279436,frame_000076.png,76
1703165086.8779535,frame_000077.png,77
1703165086.927864,frame_000078.png,78
1703165086.9773092,frame_000079.png,79
1703165087.0285184,frame_000080.png,80
1703165087.077811,frame_000081.png,81
1703165087.1280882,frame_000082.png,82
1703165087.178167,frame_000083.png,83
1703165087.227368,frame_000084.png,84
1703165087.2774467,frame_000085.png,85
1703165087.32785,frame_000086.png,86
1703165087.378386,frame_000087.png,87
1703165087.4275556,frame_000088.png,88
1703165087.4777045,frame_000089.png,89
1703165087.5276546,frame_000090.png,90
1703165087.5770845,frame_000091.png,91
1703165087.6275384,frame_000092.png,92
1703165087.677363,frame_000093.png,93
1703165087.7279854,frame_000094.png,94
1703165087.777366,frame_000095.png,95
1703165087.8280385,frame_000096.png,96
1703165087.877657,frame_000097.png,97
1703165087.9278383,frame_000098.png,98
1703165087.9773111,frame_000099.png,99
1703165088.027969,frame_000100.png,100
1703165088.0770745,frame_000101.png,101
1703165088.127398,frame_000102.png,102
1703165088.1777627,frame_000103.png,103
1703165088.2283916,frame_000104.png,104
1703165088.2788324,frame_000105.png,105
1703165088.3274043,frame_000106.png,106
1703165088.3774152,frame_000107.png,107
1703165088.4276378,frame_000108.png,108
1703165088.4776008,frame_000109.png,109
1703165088.5277917,frame_000110.png,110
1703165088.5779772,frame_000111.png,111
1703165088.6279604,frame_000112.png,112
1703165088.677695,frame_000113.png,113
1703165088.7276986,frame_000114.png,114
1703165088.7774646,frame_000115.png,115
1703165088.8271663,frame_000116.png,116
1703165088.8779218,frame_000117.png,117
1703165088.9280024,frame_000118.png,118
1703165088.978482,frame_000119.png,119
1703165089.0275083,frame_000120.png,120
1703165089.0783627,frame_000121.png,121
1703165089.127834,frame_000122.png,122
1703165089.1770627,frame_000123.png,123
1703165089.2272954,frame_000124.png,124
1703165089.2780929,frame_000125.png,125
1703165089.3282292,frame_000126.png,126
1703165089.3769593,frame_000127.png,127
1703165089.4277039,frame_000128.png,128
1703165089.4779098,frame_000129.png,129
1703165089.5275018,frame_000130.png,130
1703165089.577943,frame_000131.png,131
1703165089.6271706,frame_000132.png,132
1703165089.677019,frame_000133.png,133
1703165089.7272706,frame_000134.png,134
1703165089.7785168,frame_000135.png,135
1703165089.828815,frame_000136.png,136
1703165089.878,frame_000137.png,137
1703165089.9273105,frame_000138.png,138
1703165089.977681,frame_000139.png,139
1703165090.02828,frame_000140.png,140
1703165090.0782158,frame_000141.png,141
1703165090.1279886,frame_000142.png,142
1703165090.1787372,frame_000143.png,143
1703165090.2278526,frame_000144.png,144
1703165090.2776096,frame_000145.png,145
1703165090.3277524,frame_000146.png,146
1703165090.3774283,frame_000147.png,147
1703165090.428367,frame_000148.png,148
1703165090.4784732,frame_000149.png,149
1703165090.528201,frame_000150.png,150
1703165090.5779097,frame_000151.png,151
1703165090.627803,frame_000152.png,152
1703165090.6778555,frame_000153.png,153
1703165090.7276263,frame_000154.png,154
1703165090.7778041,frame_000155.png,155
1703165090.8275683,frame_000156.png,156
1703165090.8776925,frame_000157.png,157
1703165090.9276135,frame_000158.png,158
1703165090.9777558,frame_000159.png,159
1703165091.0287046,frame_000160.png,160
1703165091.0785823,frame_000161.png,161
1703165091.1280658,frame_000162.png,162
1703165091.1772988,frame_000163.png,163
1703165091.2271554,frame_000164.png,164
1703165091.277741,frame_000165.png,165
1703165091.3286614,frame_000166.png,166
1703165091.377684,frame_000167.png,167
1703165091.428146,frame_000168.png,168
1703165091.4780867,frame_000169.png,169
1703165091.5284512,frame_000170.png,170
1703165091.577159,frame_000171.png,171
1703165091.628716,frame_000172.png,172
1703165091.6776443,frame_000173.png,173
1703165091.7286167,frame_000174.png,174
1703165091.7773035,frame_000175.png,175
1703165091.827446,frame_000176.png,176
1703165091.8777664,frame_000177.png,177
1703165091.9268095,frame_000178.png,178
1703165091.9775112,frame_000179.png,179
1703165092.0276074,frame_000180.png,180
1703165092.0782087,frame_000181.png,181
1703165092.1274238,frame_000182.png,182
1703165092.1777835,frame_000183.png,183
1703165092.2268598,frame_000184.png,184
1703165092.2784638,frame_000185.png,185
1703165092.3275564,frame_000186.png,186
1703165092.3778322,frame_000187.png,187
1703165092.4282453,frame_000188.png,188
1703165092.477208,frame_000189.png,189
1703165092.5271447,frame_000190.png,190
1703165092.5777426,frame_000191.png,191
1703165092.6280365,frame_000192.png,192
1703165092.677721,frame_000193.png,193
1703165092.7275367,frame_000194.png,194
1703165092.7779217,frame_000195.png,195
1703165092.827854,frame_000196.png,196
1703165092.8780563,frame_000197.png,197
1703165092.9279473,frame_000198.png,198
1703165092.978466,frame_000199.png,199
1703165093.0281167,frame_000200.png,200
1703165093.077822,frame_000201.png,201
1703165093.1271381,frame_000202.png,202
1703165093.1786158,frame_000203.png,203
1703165093.2277544,frame_000204.png,204
1703165093.2779784,frame_000205.png,205
1703165093.3282058,frame_000206.png,206
1703165093.3776536,frame_000207.png,207
1703165093.4279788,frame_000208.png,208
1703165093.4779727,frame_000209.png,209
1703165093.5280008,frame_000210.png,210
1703165093.5782914,frame_000211.png,211
1703165093.62854,frame_000212.png,212
1703165093.6781895,frame_000213.png,213
1703165093.7274678,frame_000214.png,214
1703165093.7771335,frame_000215.png,215
1703165093.8285177,frame_000216.png,216
1703165093.8774486,frame_000217.png,217
1703165093.9276297,frame_000218.png,218
1703165093.9770944,frame_000219.png,219
1703165094.0269678,frame_000220.png,220
1703165094.0779736,frame_000221.png,221
1703165094.1277645,frame_000222.png,222
1703165094.1782236,frame_000223.png,223
1703165094.227876,frame_000224.png,224
1703165094.2777987,frame_000225.png,225
1703165094.3277154,frame_000226.png,226
1703165094.3778727,frame_000227.png,227
1703165094.427562,frame_000228.png,228
1703165094.4773574,frame_000229.png,229
1703165094.5272858,frame_000230.png,230
1703165094.57726,frame_000231.png,231
1703165094.627495,frame_000232.png,232
1703165094.6775413,frame_000233.png,233
1703165094.7274573,frame_000234.png,234
1703165094.7773104,frame_000235.png,235
1703165094.8280365,frame_000236.png,236
1703165094.8780806,frame_000237.png,237
1703165094.9274135,frame_000238.png,238
1703165094.9781635,frame_000239.png,239
1703165095.0278976,frame_000240.png,240
1703165095.0776262,frame_000241.png,241
1703165095.1282046,frame_000242.png,242
1703165095.1775749,frame_000243.png,243
1703165095.2275345,frame_000244.png,244
1703165095.277931,frame_000245.png,245
1703165095.3277416,frame_000246.png,246
1703165095.37742,frame_000247.png,247
1703165095.4272897,frame_000248.png,248
1703165095.4774785,frame_000249.png,249
1703165095.527376,frame_000250.png,250
1703165095.5773563,frame_000251.png,251
1703165095.627823,frame_000252.png,252
1703165095.6781511,frame_000253.png,253
1703165095.7280197,frame_000254.png,254
1703165095.7770329,frame_000255.png,255
1703165095.8283136,frame_000256.png,256
1703165095.8771636,frame_000257.png,257
1703165095.9269505,frame_000258.png,258
1703165095.97776,frame_000259.png,259
1703165096.0284865,frame_000260.png,260
1703165096.0779188,frame_000261.png,261
1703165096.1275005,frame_000262.png,262
1703165096.1774526,frame_000263.png,263
1703165096.227534,frame_000264.png,264
1703165096.2772431,frame_000265.png,265
1703165096.3278894,frame_000266.png,266
1703165096.3776882,frame_000267.png,267
1703165096.4273922,frame_000268.png,268
1703165096.47751,frame_000269.png,269
1703165096.5272968,frame_000270.png,270
1703165096.5771234,frame_000271.png,271
1703165096.627573,frame_000272.png,272
1703165096.6774924,frame_000273.png,273
1703165096.7274995,frame_000274.png,274
1703165096.777166,frame_000275.png,275
1703165096.826912,frame_000276.png,276
1703165096.8776088,frame_000277.png,277
1703165096.9277234,frame_000278.png,278
1703165096.9773452,frame_000279.png,279
1703165097.0278587,frame_000280.png,280
1703165097.0781784,frame_000281.png,281
1703165097.127449,frame_000282.png,282
1703165097.1776738,frame_000283.png,283
1703165097.2280433,frame_000284.png,284
1703165097.277806,frame_000285.png,285
1703165097.3274293,frame_000286.png,286
1703165097.3780987,frame_000287.png,287
1703165097.4275794,frame_000288.png,288
1703165097.4775407,frame_000289.png,289
1703165097.527433,frame_000290.png,290
1703165097.5778105,frame_000291.png,291
1703165097.628348,frame_000292.png,292
1703165097.677722,frame_000293.png,293
1703165097.7277448,frame_000294.png,294
1703165097.7773178,frame_000295.png,295
1703165097.8284762,frame_000296.png,296
1703165097.8778148,frame_000297.png,297
1703165097.9283962,frame_000298.png,298
1703165097.9776447,frame_000299.png,299
1703165098.027735,frame_000300.png,300
1703165098.0776825,frame_000301.png,301
1703165098.1278749,frame_000302.png,302
1703165098.1778338,frame_000303.png,303
1703165098.2281802,frame_000304.png,304
1703165098.277937,frame_000305.png,305
1703165098.327536,frame_000306.png,306
1703165098.377215,frame_000307.png,307
1703165098.426975,frame_000308.png,308
1703165098.4780943,frame_000309.png,309
1703165098.5277956,frame_000310.png,310
1703165098.5785732,frame_000311.png,311
1703165098.6276474,frame_000312.png,312
1703165098.677327,frame_000313.png,313
1703165098.72683,frame_000314.png,314
1703165098.7780027,frame_000315.png,315
1703165098.827947,frame_000316.png,316
1703165098.8782108,frame_000317.png,317
1703165098.927971,frame_000318.png,318
1703165098.9780533,frame_000319.png,319
1703165099.027132,frame_000320.png,320
1703165099.0776508,frame_000321.png,321
1703165099.1276054,frame_000322.png,322
1703165099.178603,frame_000323.png,323
1703165099.22786,frame_000324.png,324
1703165099.2783482,frame_000325.png,325
1703165099.3272264,frame_000326.png,326
1703165099.378276,frame_000327.png,327
1703165099.4288366,frame_000328.png,328
1703165099.4781904,frame_000329.png,329
1703165099.528081,frame_000330.png,330
1703165099.5770595,frame_000331.png,331
1703165099.6271527,frame_000332.png,332
1703165099.6773875,frame_000333.png,333
1703165099.7274272,frame_000334.png,334
1703165099.7782698,frame_000335.png,335
1703165099.8274677,frame_000336.png,336
1703165099.8768518,frame_000337.png,337
1703165099.9273922,frame_000338.png,338
1703165099.9780717,frame_000339.png,339
1703165100.0277731,frame_000340.png,340
1703165100.07757,frame_000341.png,341
1703165100.1273143,frame_000342.png,342
1703165100.1775298,frame_000343.png,343
1703165100.226781,frame_000344.png,344
1703165100.2768416,frame_000345.png,345
1703165100.3281152,frame_000346.png,346
1703165100.378585,frame_000347.png,347
1703165100.4279644,frame_000348.png,348
1703165100.4768336,frame_000349.png,349
1703165100.5267284,frame_000350.png,350
1703165100.5767503,frame_000351.png,351
1703165100.6277263,frame_000352.png,352
1703165100.6770625,frame_000353.png,353
1703165100.727078,frame_000354.png,354
1703165100.776978,frame_000355.png,355
1703165100.8268013,frame_000356.png,356
1703165100.8778334,frame_000357.png,357
1703165100.928341,frame_000358.png,358
1703165100.9782941,frame_000359.png,359
1703165101.0273108,frame_000360.png,360
1703165101.077436,frame_000361.png,361
1703165101.1278226,frame_000362.png,362
1703165101.1781404,frame_000363.png,363
1703165101.228199,frame_000364.png,364
1703165101.278196,frame_000365.png,365
1703165101.3280091,frame_000366.png,366
1703165101.3771734,frame_000367.png,367
1703165101.4271407,frame_000368.png,368
1703165101.4771597,frame_000369.png,369
1703165101.5272467,frame_000370.png,370
1703165101.5785072,frame_000371.png,371
1703165101.627479,frame_000372.png,372
1703165101.6771827,frame_000373.png,373
1703165101.7276073,frame_000374.png,374
1703165101.7771463,frame_000375.png,375
1703165101.8271148,frame_000376.png,376
1703165101.8772717,frame_000377.png,377
1703165101.9278934,frame_000378.png,378
1703165101.9775662,frame_000379.png,379
1703165102.0279663,frame_000380.png,380
1703165102.0779605,frame_000381.png,381
1703165102.1278596,frame_000382.png,382
1703165102.1780193,frame_000383.png,383
1703165102.228453,frame_000384.png,384
1703165102.2777255,frame_000385.png,385
1703165102.3277402,frame_000386.png,386
1703165102.377887,frame_000387.png,387
1703165102.4278586,frame_000388.png,388
1703165102.4784646,frame_000389.png,389
1703165102.5283282,frame_000390.png,390
1703165102.5776985,frame_000391.png,391
1703165102.627647,frame_000392.png,392
1703165102.67814,frame_000393.png,393
1703165102.7280238,frame_000394.png,394
1703165102.778207,frame_000395.png,395
1703165102.8280523,frame_000396.png,396
1703165102.8771,frame_000397.png,397
1703165102.9274275,frame_000398.png,398
1703165102.9775095,frame_000399.png,399
1703165103.0277357,frame_000400.png,400
1703165103.0777934,frame_000401.png,401
1703165103.127605,frame_000402.png,402
1703165103.1769621,frame_000403.png,403
1703165103.2271125,frame_000404.png,404
1703165103.278154,frame_000405.png,405
1703165103.3275752,frame_000406.png,406
1703165103.3777583,frame_000407.png,407
1703165103.4280708,frame_000408.png,408
1703165103.4777272,frame_000409.png,409
1703165103.527587,frame_000410.png,410
1703165103.57687,frame_000411.png,411
1703165103.6267207,frame_000412.png,412
1703165103.676912,frame_000413.png,413
1703165103.7282364,frame_000414.png,414
1703165103.7771525,frame_000415.png,415
1703165103.8272853,frame_000416.png,416
1703165103.877268,frame_000417.png,417
1703165103.9276025,frame_000418.png,418
1703165103.977606,frame_000419.png,419
1703165104.0276773,frame_000420.png,420
1703165104.0782652,frame_000421.png,421
1703165104.1281571,frame_000422.png,422
1703165104.1772401,frame_000423.png,423
1703165104.2278268,frame_000424.png,424
1703165104.2786577,frame_000425.png,425
1703165104.327192,frame_000426.png,426
1703165104.377236,frame_000427.png,427
1703165104.4274557,frame_000428.png,428
1703165104.477572,frame_000429.png,429
1703165104.52706,frame_000430.png,430
1703165104.5769436,frame_000431.png,431
1703165104.626867,frame_000432.png,432
1703165104.677147,frame_000433.png,433
1703165104.7275436,frame_000434.png,434
1703165104.7778065,frame_000435.png,435
1703165104.8280275,frame_000436.png,436
1703165104.8778882,frame_000437.png,437
1703165104.927731,frame_000438.png,438
1703165104.9771626,frame_000439.png,439
1703165105.0280128,frame_000440.png,440
1703165105.0770626,frame_000441.png,441
1703165105.1278217,frame_000442.png,442
1703165105.1775336,frame_000443.png,443
1703165105.2270772,frame_000444.png,444
1703165105.2778904,frame_000445.png,445
1703165105.3274055,frame_000446.png,446
1703165105.3772118,frame_000447.png,447
1703165105.4268067,frame_000448.png,448
1703165105.4776628,frame_000449.png,449
1703165105.5276558,frame_000450.png,450
1703165105.5778995,frame_000451.png,451
1703165105.627562,frame_000452.png,452
1703165105.678293,frame_000453.png,453
1703165105.7272413,frame_000454.png,454
1703165105.7773266,frame_000455.png,455
1703165105.8272777,frame_000456.png,456
1703165105.878035,frame_000457.png,457
1703165105.9279099,frame_000458.png,458
1703165105.9780686,frame_000459.png,459
1703165106.027051,frame_000460.png,460
1703165106.0768094,frame_000461.png,461
1703165106.127346,frame_000462.png,462
1703165106.1779618,frame_000463.png,463
1703165106.2278955,frame_000464.png,464
1703165106.2772987,frame_000465.png,465
1703165106.327134,frame_000466.png,466
1703165106.377259,frame_000467.png,467
1703165106.4273198,frame_000468.png,468
1703165106.4770148,frame_000469.png,469
1703165106.5281258,frame_000470.png,470
1703165106.5774007,frame_000471.png,471
1703165106.6276383,frame_000472.png,472
1703165106.6770394,frame_000473.png,473
1703165106.7274814,frame_000474.png,474
1703165106.7768137,frame_000475.png,475
1703165106.8268452,frame_000476.png,476
1703165106.8773963,frame_000477.png,477
1703165106.927503,frame_000478.png,478
1703165106.9778655,frame_000479.png,479
1703165107.0277607,frame_000480.png,480
1703165107.0776,frame_000481.png,481
1703165107.1272788,frame_000482.png,482
1703165107.1781745,frame_000483.png,483
1703165107.2278986,frame_000484.png,484
1703165107.2780502,frame_000485.png,485
1703165107.327721,frame_000486.png,486
1703165107.3782058,frame_000487.png,487
1703165107.4276128,frame_000488.png,488
1703165107.4775555,frame_000489.png,489
1703165107.5273488,frame_000490.png,490
1703165107.57807,frame_000491.png,491
1703165107.6272256,frame_000492.png,492
1703165107.6778958,frame_000493.png,493
1703165107.7269971,frame_000494.png,494
1703165107.7780128,frame_000495.png,495
1703165107.8274465,frame_000496.png,496
1703165107.877197,frame_000497.png,497
1703165107.9270077,frame_000498.png,498
1703165107.977624,frame_000499.png,499
1703165108.0278368,frame_000500.png,500
1703165108.0776656,frame_000501.png,501
1703165108.1271002,frame_000502.png,502
1703165108.1772592,frame_000503.png,503
1703165108.2272267,frame_000504.png,504
1703165108.2777014,frame_000505.png,505
1703165108.327831,frame_000506.png,506
1703165108.3778296,frame_000507.png,507
1703165108.4279428,frame_000508.png,508
1703165108.4773617,frame_000509.png,509
1703165108.5270321,frame_000510.png,510
1703165108.5781648,frame_000511.png,511
1703165108.627043,frame_000512.png,512
1703165108.6781328,frame_000513.png,513
1703165108.7280593,frame_000514.png,514
1703165108.777991,frame_000515.png,515
1703165108.827361,frame_000516.png,516
1703165108.8773057,frame_000517.png,517
1703165108.9273543,frame_000518.png,518
1703165108.977674,frame_000519.png,519
1703165109.0272412,frame_000520.png,520
1703165109.0772133,frame_000521.png,521
1703165109.127402,frame_000522.png,522
1703165109.1779897,frame_000523.png,523
1703165109.2276816,frame_000524.png,524
1703165109.2779806,frame_000525.png,525
1703165109.3278322,frame_000526.png,526
1703165109.378686,frame_000527.png,527
1703165109.4275706,frame_000528.png,528
1703165109.477918,frame_000529.png,529
1703165109.5281675,frame_000530.png,530
1703165109.5767927,frame_000531.png,531
1703165109.6274102,frame_000532.png,532
1703165109.6776032,frame_000533.png,533
1703165109.7272525,frame_000534.png,534
1703165109.7777503,frame_000535.png,535
1703165109.8270042,frame_000536.png,536
1703165109.876823,frame_000537.png,537
1703165109.928022,frame_000538.png,538
1703165109.977599,frame_000539.png,539
1703165110.0274744,frame_000540.png,540
1703165110.077851,frame_000541.png,541
1703165110.1274865,frame_000542.png,542
1703165110.1780295,frame_000543.png,543
1703165110.228494,frame_000544.png,544
1703165110.2778866,frame_000545.png,545
1703165110.3280098,frame_000546.png,546
1703165110.3769753,frame_000547.png,547
1703165110.42693,frame_000548.png,548
1703165110.4769228,frame_000549.png,549
1703165110.5270896,frame_000550.png,550
1703165110.5771675,frame_000551.png,551
1703165110.627461,frame_000552.png,552
1703165110.6776872,frame_000553.png,553
1703165110.7269773,frame_000554.png,554
1703165110.7772357,frame_000555.png,555
1703165110.8278327,frame_000556.png,556
1703165110.877732,frame_000557.png,557
1703165110.9278755,frame_000558.png,558
1703165110.9776375,frame_000559.png,559
1703165111.027554,frame_000560.png,560
1703165111.0771003,frame_000561.png,561
1703165111.1272645,frame_000562.png,562
1703165111.178222,frame_000563.png,563
1703165111.2269428,frame_000564.png,564
1703165111.2770822,frame_000565.png,565
1703165111.3270607,frame_000566.png,566
1703165111.377267,frame_000567.png,567
1703165111.427542,frame_000568.png,568
1703165111.4772415,frame_000569.png,569
1703165111.527637,frame_000570.png,570
1703165111.577651,frame_000571.png,571
1703165111.626964,frame_000572.png,572
1703165111.6776557,frame_000573.png,573
1703165111.7274847,frame_000574.png,574
1703165111.7780666,frame_000575.png,575
1703165111.8274088,frame_000576.png,576
1703165111.8777857,frame_000577.png,577
1703165111.9270442,frame_000578.png,578
1703165111.9771497,frame_000579.png,579
1703165112.0276763,frame_000580.png,580
1703165112.0771897,frame_000581.png,581
1703165112.1276317,frame_000582.png,582
1703165112.177796,frame_000583.png,583
1703165112.2280443,frame_000584.png,584
1703165112.2773204,frame_000585.png,585
1703165112.3274434,frame_000586.png,586
1703165112.3772657,frame_000587.png,587
1703165112.4270558,frame_000588.png,588
1703165112.4777932,frame_000589.png,589
1703165112.5278752,frame_000590.png,590
1703165112.5773046,frame_000591.png,591
1703165112.627334,frame_000592.png,592
1703165112.6780183,frame_000593.png,593
1703165112.7285013,frame_000594.png,594
1703165112.7777033,frame_000595.png,595
1703165112.8282063,frame_000596.png,596
1703165112.8781521,frame_000597.png,597
1703165112.9272852,frame_000598.png,598
1703165112.9780004,frame_000599.png,599
1703165113.028351,frame_000600.png,600
1703165113.0775158,frame_000601.png,601
1703165113.12729,frame_000602.png,602
1703165113.1769536,frame_000603.png,603
1703165113.2270713,frame_000604.png,604
1703165113.277591,frame_000605.png,605
1703165113.3276079,frame_000606.png,606
1703165113.37726,frame_000607.png,607
1703165113.427632,frame_000608.png,608
1703165113.477382,frame_000609.png,609
1703165113.5274305,frame_000610.png,610
1703165113.5774438,frame_000611.png,611
1703165113.6275272,frame_000612.png,612
1703165113.6779554,frame_000613.png,613
1703165113.72712,frame_000614.png,614
1703165113.777022,frame_000615.png,615
1703165113.826883,frame_000616.png,616
1703165113.8776028,frame_000617.png,617
1703165113.9280093,frame_000618.png,618
1703165113.9774954,frame_000619.png,619
1703165114.027073,frame_000620.png,620
1703165114.0780323,frame_000621.png,621
1703165114.1274097,frame_000622.png,622
1703165114.1776621,frame_000623.png,623
1703165114.2273467,frame_000624.png,624
1703165114.2771003,frame_000625.png,625
1703165114.3271425,frame_000626.png,626
1703165114.3779209,frame_000627.png,627
1703165114.427593,frame_000628.png,628
1703165114.476814,frame_000629.png,629
1703165114.5276268,frame_000630.png,630
1703165114.5773423,frame_000631.png,631
1703165114.6275616,frame_000632.png,632
1703165114.677952,frame_000633.png,633
1703165114.727029,frame_000634.png,634
1703165114.777992,frame_000635.png,635
1703165114.8267663,frame_000636.png,636
1703165114.8769705,frame_000637.png,637
1703165114.9269445,frame_000638.png,638
1703165114.9779575,frame_000639.png,639
1703165115.027944,frame_000640.png,640
1703165115.077203,frame_000641.png,641
1703165115.1271737,frame_000642.png,642
1703165115.1772232,frame_000643.png,643
1703165115.2275102,frame_000644.png,644
1703165115.2778742,frame_000645.png,645
1703165115.3279917,frame_000646.png,646
1703165115.3778303,frame_000647.png,647
1703165115.427718,frame_000648.png,648
1703165115.4777372,frame_000649.png,649
1703165115.5277245,frame_000650.png,650
1703165115.5774603,frame_000651.png,651
1703165115.6269128,frame_000652.png,652
1703165115.6774457,frame_000653.png,653
1703165115.727026,frame_000654.png,654
1703165115.7773094,frame_000655.png,655
1703165115.8271194,frame_000656.png,656
1703165115.8772776,frame_000657.png,657
1703165115.9270232,frame_000658.png,658
1703165115.9777067,frame_000659.png,659
1703165116.0276961,frame_000660.png,660
1703165116.0775602,frame_000661.png,661
1703165116.127309,frame_000662.png,662
1703165116.176964,frame_000663.png,663
1703165116.226662,frame_000664.png,664
1703165116.2777312,frame_000665.png,665
1703165116.3275614,frame_000666.png,666
1703165116.377631,frame_000667.png,667
1703165116.4275062,frame_000668.png,668
1703165116.4779506,frame_000669.png,669
1703165116.526825,frame_000670.png,670
1703165116.5778618,frame_000671.png,671
1703165116.6275222,frame_000672.png,672
1703165116.678308,frame_000673.png,673
1703165116.7270093,frame_000674.png,674
1703165116.7771308,frame_000675.png,675
1703165116.8277898,frame_000676.png,676
1703165116.8777077,frame_000677.png,677
1703165116.9273977,frame_000678.png,678
1703165116.9773645,frame_000679.png,679
1703165117.02817,frame_000680.png,680
1703165117.0782485,frame_000681.png,681
1703165117.1270332,frame_000682.png,682
1703165117.1777575,frame_000683.png,683
1703165117.2266638,frame_000684.png,684
1703165117.276727,frame_000685.png,685
1703165117.3280816,frame_000686.png,686
1703165117.377841,frame_000687.png,687
1703165117.4276114,frame_000688.png,688
1703165117.4773998,frame_000689.png,689
1703165117.527264,frame_000690.png,690
1703165117.577342,frame_000691.png,691
1703165117.6280909,frame_000692.png,692
1703165117.677798,frame_000693.png,693
1703165117.7272577,frame_000694.png,694
1703165117.7774494,frame_000695.png,695
1703165117.8271909,frame_000696.png,696
1703165117.8764591,frame_000697.png,697
1703165117.9278095,frame_000698.png,698
1703165117.977862,frame_000699.png,699
1703165118.028264,frame_000700.png,700
1703165118.0778637,frame_000701.png,701
1703165118.1270354,frame_000702.png,702
1703165118.1778212,frame_000703.png,703
1703165118.2273688,frame_000704.png,704
1703165118.2782493,frame_000705.png,705
1703165118.327126,frame_000706.png,706
1703165118.3773797,frame_000707.png,707
1703165118.4274752,frame_000708.png,708
1703165118.4776244,frame_000709.png,709
1703165118.5279076,frame_000710.png,710
1703165118.578383,frame_000711.png,711
1703165118.6266546,frame_000712.png,712
1703165118.6770606,frame_000713.png,713
1703165118.727447,frame_000714.png,714
1703165118.7777758,frame_000715.png,715
1703165118.8270931,frame_000716.png,716
1703165118.8774502,frame_000717.png,717
1703165118.927623,frame_000718.png,718
1703165118.9767568,frame_000719.png,719
1703165119.0273416,frame_000720.png,720
1703165119.0779588,frame_000721.png,721
1703165119.1268842,frame_000722.png,722
1703165119.1781025,frame_000723.png,723
1703165119.2274773,frame_000724.png,724
1703165119.2769332,frame_000725.png,725
1703165119.3277445,frame_000726.png,726
1703165119.3766546,frame_000727.png,727
1703165119.426461,frame_000728.png,728
1703165119.4778817,frame_000729.png,729
1703165119.5271955,frame_000730.png,730
1703165119.5779583,frame_000731.png,731
1703165119.6278167,frame_000732.png,732
1703165119.6775012,frame_000733.png,733
1703165119.7275863,frame_000734.png,734
1703165119.7776625,frame_000735.png,735
1703165119.8274622,frame_000736.png,736
1703165119.8778474,frame_000737.png,737
1703165119.9281335,frame_000738.png,738
1703165119.9771729,frame_000739.png,739
1703165120.0276003,frame_000740.png,740
1703165120.0776849,frame_000741.png,741
1703165120.1279988,frame_000742.png,742
1703165120.1768782,frame_000743.png,743
1703165120.227636,frame_000744.png,744
1703165120.2772963,frame_000745.png,745
1703165120.327309,frame_000746.png,746
1703165120.377306,frame_000747.png,747
1703165120.42697,frame_000748.png,748
1703165120.4769917,frame_000749.png,749
1703165120.5271063,frame_000750.png,750
1703165120.5766509,frame_000751.png,751
1703165120.6266868,frame_000752.png,752
1703165120.677565,frame_000753.png,753
1703165120.7271807,frame_000754.png,754
1703165120.7766376,frame_000755.png,755
1703165120.8275554,frame_000756.png,756
1703165120.877406,frame_000757.png,757
1703165120.927519,frame_000758.png,758
1703165120.9774978,frame_000759.png,759
1703165121.027005,frame_000760.png,760
1703165121.0777028,frame_000761.png,761
1703165121.1276326,frame_000762.png,762
1703165121.1775742,frame_000763.png,763
1703165121.226419,frame_000764.png,764
1703165121.2765074,frame_000765.png,765
1703165121.3275461,frame_000766.png,766
1703165121.3775225,frame_000767.png,767
1703165121.4281774,frame_000768.png,768
1703165121.477198,frame_000769.png,769
1703165121.5275648,frame_000770.png,770
1703165121.5778441,frame_000771.png,771
1703165121.6279778,frame_000772.png,772
1703165121.6772017,frame_000773.png,773
1703165121.726899,frame_000774.png,774
1703165121.7779233,frame_000775.png,775
1703165121.8277876,frame_000776.png,776
1703165121.8771663,frame_000777.png,777
1703165121.9268577,frame_000778.png,778
1703165121.9773042,frame_000779.png,779
1703165122.0272088,frame_000780.png,780
1703165122.0778546,frame_000781.png,781
1703165122.1267602,frame_000782.png,782
1703165122.1774638,frame_000783.png,783
1703165122.227582,frame_000784.png,784
1703165122.2781112,frame_000785.png,785
1703165122.3280575,frame_000786.png,786
1703165122.377061,frame_000787.png,787
1703165122.4267333,frame_000788.png,788
1703165122.4775462,frame_000789.png,789
1703165122.527523,frame_000790.png,790
1703165122.5777433,frame_000791.png,791
1703165122.627605,frame_000792.png,792
1703165122.6772788,frame_000793.png,793
1703165122.7272527,frame_000794.png,794
1703165122.7770371,frame_000795.png,795
1703165122.826974,frame_000796.png,796
1703165122.8777413,frame_000797.png,797
1703165122.9274194,frame_000798.png,798
1703165122.9771636,frame_000799.png,799
1703165123.0266483,frame_000800.png,800
1703165123.0766706,frame_000801.png,801
1703165123.1269314,frame_000802.png,802
1703165123.1774454,frame_000803.png,803
1703165123.2275007,frame_000804.png,804
1703165123.276866,frame_000805.png,805
1703165123.3271039,frame_000806.png,806
1703165123.3772984,frame_000807.png,807
1703165123.4275842,frame_000808.png,808
1703165123.4770784,frame_000809.png,809
1703165123.5281308,frame_000810.png,810
1703165123.577255,frame_000811.png,811
1703165123.6276023,frame_000812.png,812
1703165123.6772437,frame_000813.png,813
1703165123.7271142,frame_000814.png,814
1703165123.7783432,frame_000815.png,815
1703165123.827386,frame_000816.png,816
1703165123.8769236,frame_000817.png,817
1703165123.926962,frame_000818.png,818
1703165123.9775584,frame_000819.png,819
1703165124.027479,frame_000820.png,820
1703165124.0774035,frame_000821.png,821
1703165124.127633,frame_000822.png,822
1703165124.177685,frame_000823.png,823
1703165124.2276266,frame_000824.png,824
1703165124.2777073,frame_000825.png,825
1703165124.327297,frame_000826.png,826
1703165124.3769233,frame_000827.png,827
1703165124.4284613,frame_000828.png,828
1703165124.4773555,frame_000829.png,829
1703165124.5266,frame_000830.png,830
1703165124.5767179,frame_000831.png,831
1703165124.6267228,frame_000832.png,832
1703165124.6774929,frame_000833.png,833
1703165124.7280233,frame_000834.png,834
1703165124.7780411,frame_000835.png,835
1703165124.8274422,frame_000836.png,836
1703165124.8776782,frame_000837.png,837
1703165124.9274914,frame_000838.png,838
1703165124.9778457,frame_000839.png,839
1703165125.0280764,frame_000840.png,840
1703165125.077269,frame_000841.png,841
1703165125.1271253,frame_000842.png,842
1703165125.176603,frame_000843.png,843
1703165125.226944,frame_000844.png,844
1703165125.277817,frame_000845.png,845
1703165125.3282611,frame_000846.png,846
1703165125.3772504,frame_000847.png,847
1703165125.4272923,frame_000848.png,848
1703165125.477811,frame_000849.png,849
1703165125.527011,frame_000850.png,850
1703165125.577501,frame_000851.png,851
1703165125.6268063,frame_000852.png,852
1703165125.6772494,frame_000853.png,853
1703165125.7278993,frame_000854.png,854
1703165125.7772949,frame_000855.png,855
1703165125.827757,frame_000856.png,856
1703165125.8771954,frame_000857.png,857
1703165125.9272747,frame_000858.png,858
1703165125.9770608,frame_000859.png,859
1703165126.027545,frame_000860.png,860
1703165126.0772645,frame_000861.png,861
1703165126.127039,frame_000862.png,862
1703165126.1769006,frame_000863.png,863
1703165126.2266788,frame_000864.png,864
1703165126.277833,frame_000865.png,865
1703165126.3269188,frame_000866.png,866
1703165126.377385,frame_000867.png,867
1703165126.427123,frame_000868.png,868
1703165126.4767802,frame_000869.png,869
1703165126.5265028,frame_000870.png,870
1703165126.577317,frame_000871.png,871
1703165126.6272726,frame_000872.png,872
1703165126.6773732,frame_000873.png,873
1703165126.727836,frame_000874.png,874
1703165126.777396,frame_000875.png,875
1703165126.8276749,frame_000876.png,876
1703165126.8763616,frame_000877.png,877
1703165126.927785,frame_000878.png,878
1703165126.9777038,frame_000879.png,879
1703165127.0278192,frame_000880.png,880
1703165127.0768945,frame_000881.png,881
1703165127.1265726,frame_000882.png,882
1703165127.1774309,frame_000883.png,883
1703165127.228197,frame_000884.png,884
1703165127.2777414,frame_000885.png,885
1703165127.3281467,frame_000886.png,886
1703165127.377845,frame_000887.png,887
1703165127.4275744,frame_000888.png,888
1703165127.4765067,frame_000889.png,889
1703165127.5279868,frame_000890.png,890
1703165127.5771344,frame_000891.png,891
1703165127.6276739,frame_000892.png,892
1703165127.677237,frame_000893.png,893
1703165127.7265558,frame_000894.png,894
1703165127.7772112,frame_000895.png,895
1703165127.827617,frame_000896.png,896
1703165127.8771334,frame_000897.png,897
1703165127.9280305,frame_000898.png,898
1703165127.977197,frame_000899.png,899
1703165128.0274959,frame_000900.png,900
1703165128.0778387,frame_000901.png,901
1703165128.126694,frame_000902.png,902
1703165128.177775,frame_000903.png,903
1703165128.2273312,frame_000904.png,904
1703165128.2779944,frame_000905.png,905
1703165128.3276145,frame_000906.png,906
1703165128.3767252,frame_000907.png,907
1703165128.4268005,frame_000908.png,908
1703165128.4769654,frame_000909.png,909
1703165128.527234,frame_000910.png,910
1703165128.5771525,frame_000911.png,911
1703165128.627294,frame_000912.png,912
1703165128.676484,frame_000913.png,913
1703165128.72642,frame_000914.png,914
1703165128.7773619,frame_000915.png,915
1703165128.8269825,frame_000916.png,916
1703165128.8766317,frame_000917.png,917
1703165128.927552,frame_000918.png,918
1703165128.9773893,frame_000919.png,919
1703165129.0264478,frame_000920.png,920
1703165129.0772226,frame_000921.png,921
1703165129.1272306,frame_000922.png,922
1703165129.1770015,frame_000923.png,923
1703165129.227203,frame_000924.png,924
1703165129.2775137,frame_000925.png,925
1703165129.3272789,frame_000926.png,926
1703165129.377313,frame_000927.png,927
1703165129.4280102,frame_000928.png,928
1703165129.4774578,frame_000929.png,929
1703165129.5272753,frame_000930.png,930
1703165129.5769246,frame_000931.png,931
1703165129.6266942,frame_000932.png,932
1703165129.6768782,frame_000933.png,933
1703165129.726818,frame_000934.png,934
1703165129.7767568,frame_000935.png,935
1703165129.8267276,frame_000936.png,936
1703165129.8767822,frame_000937.png,937
1703165129.926832,frame_000938.png,938
1703165129.977812,frame_000939.png,939
1703165130.0267184,frame_000940.png,940
1703165130.0769377,frame_000941.png,941
1703165130.1269119,frame_000942.png,942
1703165130.1770613,frame_000943.png,943
1703165130.2273314,frame_000944.png,944
1703165130.2768297,frame_000945.png,945
1703165130.327222,frame_000946.png,946
1703165130.3778832,frame_000947.png,947
1703165130.4269698,frame_000948.png,948
1703165130.4776545,frame_000949.png,949
1703165130.5265536,frame_000950.png,950
1703165130.5771348,frame_000951.png,951
1703165130.6268635,frame_000952.png,952
1703165130.6773784,frame_000953.png,953
1703165130.7271948,frame_000954.png,954
1703165130.776914,frame_000955.png,955
1703165130.8277552,frame_000956.png,956
1703165130.8778586,frame_000957.png,957
1703165130.9268231,frame_000958.png,958
1703165130.9767995,frame_000959.png,959
1703165131.0275664,frame_000960.png,960
1703165131.0765133,frame_000961.png,961
1703165131.1264446,frame_000962.png,962
1703165131.176765,frame_000963.png,963
1703165131.2273796,frame_000964.png,964
1703165131.277941,frame_000965.png,965
1703165131.3269944,frame_000966.png,966
1703165131.3768377,frame_000967.png,967
1703165131.4264998,frame_000968.png,968
1703165131.4764132,frame_000969.png,969
1703165131.5275924,frame_000970.png,970
1703165131.5773861,frame_000971.png,971
1703165131.6272106,frame_000972.png,972
1703165131.6767745,frame_000973.png,973
1703165131.7270112,frame_000974.png,974
1703165131.7769177,frame_000975.png,975
1703165131.8273613,frame_000976.png,976
1703165131.877109,frame_000977.png,977
1703165131.927785,frame_000978.png,978
1703165131.9774158,frame_000979.png,979
1703165132.0272408,frame_000980.png,980
1703165132.07701,frame_000981.png,981
1703165132.12777,frame_000982.png,982
1703165132.1776156,frame_000983.png,983
1703165132.2281182,frame_000984.png,984
1703165132.277428,frame_000985.png,985
1703165132.3270102,frame_000986.png,986
1703165132.3769183,frame_000987.png,987
1703165132.4268904,frame_000988.png,988
1703165132.4783492,frame_000989.png,989
1703165132.527725,frame_000990.png,990
1703165132.5773947,frame_000991.png,991
1703165132.6272006,frame_000992.png,992
1703165132.6766427,frame_000993.png,993
1703165132.7273724,frame_000994.png,994
1703165132.7772264,frame_000995.png,995
1703165132.8275166,frame_000996.png,996
1703165132.8772514,frame_000997.png,997
1703165132.92743,frame_000998.png,998
1703165132.976914,frame_000999.png,999
1703165133.0272954,frame_001000.png,1000
1703165133.0767188,frame_001001.png,1001
1703165133.1281455,frame_001002.png,1002
1703165133.1778529,frame_001003.png,1003
1703165133.2271929,frame_001004.png,1004
1703165133.2776008,frame_001005.png,1005
1703165133.3267303,frame_001006.png,1006
1703165133.3779273,frame_001007.png,1007
1703165133.4274473,frame_001008.png,1008
1703165133.4769602,frame_001009.png,1009
1703165133.5274475,frame_001010.png,1010
1703165133.5776396,frame_001011.png,1011
1703165133.6269617,frame_001012.png,1012
1703165133.6773849,frame_001013.png,1013
1703165133.7271311,frame_001014.png,1014
1703165133.7769706,frame_001015.png,1015
1703165133.827541,frame_001016.png,1016
1703165133.8772066,frame_001017.png,1017
1703165133.92691,frame_001018.png,1018
1703165133.9768693,frame_001019.png,1019
1703165134.0277057,frame_001020.png,1020
1703165134.0773923,frame_001021.png,1021
1703165134.1269999,frame_001022.png,1022
1703165134.1766696,frame_001023.png,1023
1703165134.2271955,frame_001024.png,1024
1703165134.2763803,frame_001025.png,1025
1703165134.3273156,frame_001026.png,1026
1703165134.376861,frame_001027.png,1027
1703165134.4269905,frame_001028.png,1028
1703165134.4768245,frame_001029.png,1029
1703165134.5268352,frame_001030.png,1030
1703165134.576783,frame_001031.png,1031
1703165134.6268878,frame_001032.png,1032
1703165134.6774113,frame_001033.png,1033
1703165134.726591,frame_001034.png,1034
1703165134.7777188,frame_001035.png,1035
1703165134.8273816,frame_001036.png,1036
1703165134.8772058,frame_001037.png,1037
1703165134.9270847,frame_001038.png,1038
1703165134.977339,frame_001039.png,1039
1703165135.0271776,frame_001040.png,1040
1703165135.0772455,frame_001041.png,1041
1703165135.126954,frame_001042.png,1042
1703165135.176703,frame_001043.png,1043
1703165135.2276087,frame_001044.png,1044
1703165135.277123,frame_001045.png,1045
1703165135.327022,frame_001046.png,1046
1703165135.377199,frame_001047.png,1047
1703165135.426642,frame_001048.png,1048
1703165135.4763558,frame_001049.png,1049
1703165135.5273206,frame_001050.png,1050
1703165135.5771325,frame_001051.png,1051
1703165135.627214,frame_001052.png,1052
1703165135.677121,frame_001053.png,1053
1703165135.7266383,frame_001054.png,1054
1703165135.7773838,frame_001055.png,1055
1703165135.8266919,frame_001056.png,1056
1703165135.8773208,frame_001057.png,1057
1703165135.9277685,frame_001058.png,1058
1703165135.977312,frame_001059.png,1059
1703165136.0274353,frame_001060.png,1060
1703165136.0774097,frame_001061.png,1061
1703165136.1271923,frame_001062.png,1062
1703165136.176695,frame_001063.png,1063
1703165136.2274795,frame_001064.png,1064
1703165136.2774918,frame_001065.png,1065
1703165136.327134,frame_001066.png,1066
1703165136.3769846,frame_001067.png,1067
1703165136.426581,frame_001068.png,1068
1703165136.4772713,frame_001069.png,1069
1703165136.5270002,frame_001070.png,1070
1703165136.577144,frame_001071.png,1071
1703165136.6271636,frame_001072.png,1072
1703165136.6768787,frame_001073.png,1073
1703165136.7265232,frame_001074.png,1074
1703165136.776655,frame_001075.png,1075
1703165136.8268373,frame_001076.png,1076
1703165136.8765695,frame_001077.png,1077
1703165136.9267406,frame_001078.png,1078
1703165136.9769006,frame_001079.png,1079
1703165137.0270386,frame_001080.png,1080
1703165137.0772114,frame_001081.png,1081
1703165137.1275055,frame_001082.png,1082
1703165137.1779535,frame_001083.png,1083
1703165137.227065,frame_001084.png,1084
1703165137.276936,frame_001085.png,1085
1703165137.327016,frame_001086.png,1086
1703165137.3769608,frame_001087.png,1087
1703165137.4271824,frame_001088.png,1088
1703165137.4778023,frame_001089.png,1089
1703165137.5277479,frame_001090.png,1090
1703165137.5775466,frame_001091.png,1091
1703165137.627031,frame_001092.png,1092
1703165137.6777303,frame_001093.png,1093
1703165137.7266545,frame_001094.png,1094
1703165137.7768996,frame_001095.png,1095
